policy,lr,gamma,batch,eps_start,eps_end,eps_decay,note
CnnPolicy,0.00008,0.985,256,1.0,0.02,0.0005,
CnnPolicy,0.0006,0.925,256,1.0,0.03,0.0003,
CnnPolicy,0.00015,0.89,32,1.0,0.02,0.0007,
CnnPolicy,0.0009,0.975,256,1.0,0.04,0.0002,
CnnPolicy,0.00005,0.965,256,1.0,0.02,0.0006,
CnnPolicy,0.0025,0.985,32,1.0,0.03,0.0009,
CnnPolicy,0.0018,0.91,256,1.0,0.02,0.0004,
CnnPolicy,0.0003,0.93,256,1.0,0.01,0.0008,
CnnPolicy,0.00012,0.975,128,1.0,0.02,0.001,
CnnPolicy,0.0038,0.88,32,1.0,0.03,0.0005,
